"path","category","purpose","review_status","runtime_status","issues_found","issues_fixed","tests_covering_file","risk_remaining","notes"
".github/scripts/generate-test-vapid.mjs","configuration","Configuration manifeste ou metadonnee","analysé statiquement","analyse et build si applicable","","","","faible a confirmer sur staging","Inventaire final 2026-08-01"
".github/scripts/run-with-diagnostics.sh","configuration","Configuration manifeste ou metadonnee","analysé statiquement","analyse et build si applicable","","","","faible a confirmer sur staging","Inventaire final 2026-08-01"
".github/workflows/ci.yml","configuration","Configuration manifeste ou metadonnee","corrigé","analyse et build si applicable","Voir registre JSON","Oui si relie au registre","Suite locale build ou controle statique","faible a confirmer sur staging","Inventaire final 2026-08-01"
".gitignore","configuration","Configuration manifeste ou metadonnee","analysé statiquement","analyse et build si applicable","","","","faible a confirmer sur staging","Inventaire final 2026-08-01"
"athleteos/.env.example","configuration","Configuration manifeste ou metadonnee","analysé statiquement","analyse et build si applicable","","","","faible a confirmer sur staging","Inventaire final 2026-08-01"
"athleteos/.gitignore","configuration","Configuration manifeste ou metadonnee","analysé statiquement","analyse et build si applicable","","","","faible a confirmer sur staging","Inventaire final 2026-08-01"
"athleteos/dist/sw.js","fichier genere","Artefact de build versionne","généré","build production réussi","Voir registre JSON","","","Synchronisation source requise","Hash controle pour dist/sw.js"
"athleteos/docs/audit/screenshots/auth-dark-1024.png","preuve visuelle","Capture responsive et theme","asset vérifié","généré par Playwright","Voir registre JSON","","","Ecrans publics uniquement","Inspection visuelle representative"
"athleteos/docs/audit/screenshots/auth-dark-1280.png","preuve visuelle","Capture responsive et theme","asset vérifié","généré par Playwright","Voir registre JSON","","","Ecrans publics uniquement","Inspection visuelle representative"
"athleteos/docs/audit/screenshots/auth-dark-1440.png","preuve visuelle","Capture responsive et theme","asset vérifié","généré par Playwright","Voir registre JSON","","","Ecrans publics uniquement","Inspection visuelle representative"
"athleteos/docs/audit/screenshots/auth-dark-320.png","preuve visuelle","Capture responsive et theme","asset vérifié","généré par Playwright","Voir registre JSON","","","Ecrans publics uniquement","Inspection visuelle representative"
"athleteos/docs/audit/screenshots/auth-dark-360.png","preuve visuelle","Capture responsive et theme","asset vérifié","généré par Playwright","Voir registre JSON","","","Ecrans publics uniquement","Inspection visuelle representative"
"athleteos/docs/audit/screenshots/auth-dark-375.png","preuve visuelle","Capture responsive et theme","asset vérifié","généré par Playwright","Voir registre JSON","","","Ecrans publics uniquement","Inspection visuelle representative"
"athleteos/docs/audit/screenshots/auth-dark-390.png","preuve visuelle","Capture responsive et theme","asset vérifié","généré par Playwright","Voir registre JSON","","","Ecrans publics uniquement","Inspection visuelle representative"
"athleteos/docs/audit/screenshots/auth-dark-768.png","preuve visuelle","Capture responsive et theme","asset vérifié","généré par Playwright","Voir registre JSON","","","Ecrans publics uniquement","Inspection visuelle representative"
"athleteos/docs/audit/screenshots/auth-dark-zoom-200.png","preuve visuelle","Capture responsive et theme","asset vérifié","généré par Playwright","Voir registre JSON","","","Ecrans publics uniquement","Inspection visuelle representative"
"athleteos/docs/audit/screenshots/auth-light-1024.png","preuve visuelle","Capture responsive et theme","asset vérifié","généré par Playwright","Voir registre JSON","","","Ecrans publics uniquement","Inspection visuelle representative"
"athleteos/docs/audit/screenshots/auth-light-1280.png","preuve visuelle","Capture responsive et theme","asset vérifié","généré par Playwright","Voir registre JSON","","","Ecrans publics uniquement","Inspection visuelle representative"
"athleteos/docs/audit/screenshots/auth-light-1440.png","preuve visuelle","Capture responsive et theme","asset vérifié","généré par Playwright","Voir registre JSON","","","Ecrans publics uniquement","Inspection visuelle representative"
"athleteos/docs/audit/screenshots/auth-light-320.png","preuve visuelle","Capture responsive et theme","asset vérifié","généré par Playwright","Voir registre JSON","","","Ecrans publics uniquement","Inspection visuelle representative"
"athleteos/docs/audit/screenshots/auth-light-360.png","preuve visuelle","Capture responsive et theme","asset vérifié","généré par Playwright","Voir registre JSON","","","Ecrans publics uniquement","Inspection visuelle representative"
"athleteos/docs/audit/screenshots/auth-light-375.png","preuve visuelle","Capture responsive et theme","asset vérifié","généré par Playwright","Voir registre JSON","","","Ecrans publics uniquement","Inspection visuelle representative"
"athleteos/docs/audit/screenshots/auth-light-390.png","preuve visuelle","Capture responsive et theme","asset vérifié","généré par Playwright","Voir registre JSON","","","Ecrans publics uniquement","Inspection visuelle representative"
"athleteos/docs/audit/screenshots/auth-light-768.png","preuve visuelle","Capture responsive et theme","asset vérifié","généré par Playwright","Voir registre JSON","","","Ecrans publics uniquement","Inspection visuelle representative"
"athleteos/docs/audit/screenshots/invitation-dark-320.png","preuve visuelle","Capture responsive et theme","asset vérifié","généré par Playwright","Voir registre JSON","","","Ecrans publics uniquement","Inspection visuelle representative"
"athleteos/docs/brand/concepts/apex.svg","configuration","Configuration manifeste ou metadonnee","analysé statiquement","analyse et build si applicable","","","","faible a confirmer sur staging","Inventaire final 2026-08-01"
"athleteos/docs/brand/concepts/lane.svg","configuration","Configuration manifeste ou metadonnee","analysé statiquement","analyse et build si applicable","","","","faible a confirmer sur staging","Inventaire final 2026-08-01"
"athleteos/docs/brand/concepts/orbit-ao.svg","configuration","Configuration manifeste ou metadonnee","analysé statiquement","analyse et build si applicable","","","","faible a confirmer sur staging","Inventaire final 2026-08-01"
"athleteos/docs/brand/concepts/signal.svg","configuration","Configuration manifeste ou metadonnee","analysé statiquement","analyse et build si applicable","","","","faible a confirmer sur staging","Inventaire final 2026-08-01"
"athleteos/docs/brand/logo-directions.svg","configuration","Configuration manifeste ou metadonnee","analysé statiquement","analyse et build si applicable","","","","faible a confirmer sur staging","Inventaire final 2026-08-01"
"athleteos/docs/brand/README.md","documentation","Documentation ou livrable audit","analysé statiquement","relecture statique","","","","A synchroniser apres staging","Etat local sans sur-declaration"
"athleteos/e2e/athlete-journey.spec.js","test","Test automatise ou regression","testé","Playwright public execute; authentifie bloque si applicable","","","Suite locale build ou controle statique","Execution Supabase bloquee par Docker","Voir preuves de test"
"athleteos/e2e/audit-visual.spec.js","test","Test automatise ou regression","testé","Playwright public execute; authentifie bloque si applicable","Voir registre JSON","","Suite locale build ou controle statique","faible","Voir preuves de test"
"athleteos/e2e/coach-journey.spec.js","test","Test automatise ou regression","testé","Playwright public execute; authentifie bloque si applicable","","","Suite locale build ou controle statique","Execution Supabase bloquee par Docker","Voir preuves de test"
"athleteos/e2e/global-setup.mjs","test","Test automatise ou regression","testé","Playwright public execute; authentifie bloque si applicable","","","Suite locale build ou controle statique","faible","Voir preuves de test"
"athleteos/e2e/pwa.spec.js","test","Test automatise ou regression","testé","Playwright public execute; authentifie bloque si applicable","Voir registre JSON","","Suite locale build ou controle statique","faible","Voir preuves de test"
"athleteos/e2e/smoke.spec.js","test","Test automatise ou regression","testé","Playwright public execute; authentifie bloque si applicable","Voir registre JSON","","Suite locale build ou controle statique","faible","Voir preuves de test"
"athleteos/eslint.config.js","code source","Logique frontend ou utilitaire","analysé statiquement","lint typecheck build réussis","","","","faible","Analyse statique et contrats"
"athleteos/GUIDE_IA.md","documentation","Documentation ou livrable audit","corrigé","relecture statique","Voir registre JSON","Oui si relie au registre","Suite locale build ou controle statique","A synchroniser apres staging","Etat local sans sur-declaration"
"athleteos/index.html","configuration","Configuration manifeste ou metadonnee","corrigé","analyse et build si applicable","Voir registre JSON","Oui si relie au registre","Suite locale build ou controle statique","faible a confirmer sur staging","Inventaire final 2026-08-01"
"athleteos/LICENSE","configuration","Configuration manifeste ou metadonnee","analysé statiquement","analyse et build si applicable","","","","faible a confirmer sur staging","Inventaire final 2026-08-01"
"athleteos/package.json","configuration","Configuration manifeste ou metadonnee","analysé statiquement","analyse et build si applicable","","","","faible a confirmer sur staging","Inventaire final 2026-08-01"
"athleteos/package-lock.json","configuration","Configuration manifeste ou metadonnee","corrigé","analyse et build si applicable","Voir registre JSON","Oui si relie au registre","Suite locale build ou controle statique","faible a confirmer sur staging","Inventaire final 2026-08-01"
"athleteos/playwright.config.js","code source","Logique frontend ou utilitaire","analysé statiquement","lint typecheck build réussis","","","","faible","Analyse statique et contrats"
"athleteos/postcss.config.js","code source","Logique frontend ou utilitaire","analysé statiquement","lint typecheck build réussis","","","","faible","Analyse statique et contrats"
"athleteos/public/favicon.svg","configuration","Configuration manifeste ou metadonnee","analysé statiquement","analyse et build si applicable","","","","faible a confirmer sur staging","Inventaire final 2026-08-01"
"athleteos/public/icon.svg","configuration","Configuration manifeste ou metadonnee","analysé statiquement","analyse et build si applicable","","","","faible a confirmer sur staging","Inventaire final 2026-08-01"
"athleteos/public/icon-192.png","asset","Ressource binaire ou visuelle","asset vérifié","inclus dans le build","","","","faible","Verification fonctionnelle par build"
"athleteos/public/icon-512.png","asset","Ressource binaire ou visuelle","asset vérifié","inclus dans le build","","","","faible","Verification fonctionnelle par build"
"athleteos/public/icon-maskable.svg","configuration","Configuration manifeste ou metadonnee","analysé statiquement","analyse et build si applicable","","","","faible a confirmer sur staging","Inventaire final 2026-08-01"
"athleteos/public/icon-maskable-192.png","asset","Ressource binaire ou visuelle","asset vérifié","inclus dans le build","","","","faible","Verification fonctionnelle par build"
"athleteos/public/icon-maskable-512.png","asset","Ressource binaire ou visuelle","asset vérifié","inclus dans le build","","","","faible","Verification fonctionnelle par build"
"athleteos/public/manifest.json","configuration","Configuration manifeste ou metadonnee","corrigé","analyse et build si applicable","Voir registre JSON","Oui si relie au registre","Suite locale build ou controle statique","faible a confirmer sur staging","Inventaire final 2026-08-01"
"athleteos/public/sw.js","code source","Logique frontend ou utilitaire","corrigé","lint typecheck build réussis","Voir registre JSON","Oui si relie au registre","Suite locale build ou controle statique","faible","Analyse statique et contrats"
"athleteos/README.md","documentation","Documentation ou livrable audit","corrigé","relecture statique","Voir registre JSON","Oui si relie au registre","Suite locale build ou controle statique","A synchroniser apres staging","Etat local sans sur-declaration"
"athleteos/repomix-output.xml","hors perimetre","Export Repomix utilisateur","hors périmètre justifié","non exécuté","Voir registre JSON","","","Modification utilisateur préexistante","Exclu des changements audit"
"athleteos/src/App.jsx","code source","Logique frontend ou utilitaire","corrigé","lint typecheck build réussis","Voir registre JSON","Oui si relie au registre","Suite locale build ou controle statique","Parcours authentifie reel a valider","Analyse statique et contrats"
"athleteos/src/athlete/AthleteDashboard.test.jsx","test","Test automatise ou regression","testé","Vitest 356/356 ou integration bloquee selon Docker","","","Suite locale build ou controle statique","faible","Voir preuves de test"
"athleteos/src/athlete/components/DailyStateDetailPanel.jsx","code source","Logique frontend ou utilitaire","corrigé","lint typecheck build réussis","Voir registre JSON","Oui si relie au registre","Suite locale build ou controle statique","Parcours authentifie reel a valider","Analyse statique et contrats"
"athleteos/src/athlete/components/FormeDetailPanel.jsx","code source","Logique frontend ou utilitaire","corrigé","lint typecheck build réussis","Voir registre JSON","Oui si relie au registre","Suite locale build ou controle statique","Parcours authentifie reel a valider","Analyse statique et contrats"
"athleteos/src/athlete/components/InjuryReportModal.jsx","code source","Logique frontend ou utilitaire","corrigé","lint typecheck build réussis","Voir registre JSON","Oui si relie au registre","Suite locale build ou controle statique","Parcours authentifie reel a valider","Analyse statique et contrats"
"athleteos/src/athlete/components/NotificationBanner.jsx","code source","Logique frontend ou utilitaire","analysé statiquement","lint typecheck build réussis","","","","Parcours authentifie reel a valider","Analyse statique et contrats"
"athleteos/src/athlete/components/NotificationCenter.jsx","code source","Logique frontend ou utilitaire","corrigé","lint typecheck build réussis","Voir registre JSON","Oui si relie au registre","Suite locale build ou controle statique","Parcours authentifie reel a valider","Analyse statique et contrats"
"athleteos/src/athlete/components/NotificationIcon.jsx","code source","Logique frontend ou utilitaire","analysé statiquement","lint typecheck build réussis","","","","Parcours authentifie reel a valider","Analyse statique et contrats"
"athleteos/src/athlete/components/TrainingGauge.jsx","code source","Logique frontend ou utilitaire","analysé statiquement","lint typecheck build réussis","","","","Parcours authentifie reel a valider","Analyse statique et contrats"
"athleteos/src/athlete/components/TrainingGauge.test.jsx","test","Test automatise ou regression","testé","Vitest 356/356 ou integration bloquee selon Docker","","","Suite locale build ou controle statique","faible","Voir preuves de test"
"athleteos/src/athlete/components/WellnessModal.jsx","code source","Logique frontend ou utilitaire","corrigé","lint typecheck build réussis","Voir registre JSON","Oui si relie au registre","Suite locale build ou controle statique","Parcours authentifie reel a valider","Analyse statique et contrats"
"athleteos/src/athlete/dashboardFocus.js","code source","Logique frontend ou utilitaire","analysé statiquement","lint typecheck build réussis","","","","Parcours authentifie reel a valider","Analyse statique et contrats"
"athleteos/src/athlete/dashboardFocus.test.js","test","Test automatise ou regression","testé","Vitest 356/356 ou integration bloquee selon Docker","","","Suite locale build ou controle statique","faible","Voir preuves de test"
"athleteos/src/athlete/notificationPresentation.js","code source","Logique frontend ou utilitaire","analysé statiquement","lint typecheck build réussis","","","","Parcours authentifie reel a valider","Analyse statique et contrats"
"athleteos/src/athlete/notificationPresentation.test.js","test","Test automatise ou regression","testé","Vitest 356/356 ou integration bloquee selon Docker","","","Suite locale build ou controle statique","faible","Voir preuves de test"
"athleteos/src/athlete/shared.js","code source","Logique frontend ou utilitaire","analysé statiquement","lint typecheck build réussis","","","","Parcours authentifie reel a valider","Analyse statique et contrats"
"athleteos/src/athlete/shared.test.js","test","Test automatise ou regression","testé","Vitest 356/356 ou integration bloquee selon Docker","","","Suite locale build ou controle statique","faible","Voir preuves de test"
"athleteos/src/athlete/views/AddCompModal.jsx","code source","Logique frontend ou utilitaire","corrigé","lint typecheck build réussis","Voir registre JSON","Oui si relie au registre","Suite locale build ou controle statique","Parcours authentifie reel a valider","Analyse statique et contrats"
"athleteos/src/athlete/views/AddGoalModal.jsx","code source","Logique frontend ou utilitaire","corrigé","lint typecheck build réussis","Voir registre JSON","Oui si relie au registre","Suite locale build ou controle statique","Parcours authentifie reel a valider","Analyse statique et contrats"
"athleteos/src/athlete/views/AddPerfModal.jsx","code source","Logique frontend ou utilitaire","corrigé","lint typecheck build réussis","Voir registre JSON","Oui si relie au registre","Suite locale build ou controle statique","Parcours authentifie reel a valider","Analyse statique et contrats"
"athleteos/src/athlete/views/AthleteClub.jsx","code source","Logique frontend ou utilitaire","corrigé","lint typecheck build réussis","Voir registre JSON","Oui si relie au registre","Suite locale build ou controle statique","Parcours authentifie reel a valider","Analyse statique et contrats"
"athleteos/src/athlete/views/AthleteDashboard.jsx","code source","Logique frontend ou utilitaire","corrigé","lint typecheck build réussis","Voir registre JSON","Oui si relie au registre","Suite locale build ou controle statique","Parcours authentifie reel a valider","Analyse statique et contrats"
"athleteos/src/athlete/views/athleteMessaging.js","code source","Logique frontend ou utilitaire","analysé statiquement","lint typecheck build réussis","","","","Parcours authentifie reel a valider","Analyse statique et contrats"
"athleteos/src/athlete/views/athleteMessaging.test.js","test","Test automatise ou regression","testé","Vitest 356/356 ou integration bloquee selon Docker","","","Suite locale build ou controle statique","faible","Voir preuves de test"
"athleteos/src/athlete/views/AthleteMsgerie.jsx","code source","Logique frontend ou utilitaire","analysé statiquement","lint typecheck build réussis","","","","Parcours authentifie reel a valider","Analyse statique et contrats"
"athleteos/src/athlete/views/AthletePerfs.jsx","code source","Logique frontend ou utilitaire","analysé statiquement","lint typecheck build réussis","","","","Parcours authentifie reel a valider","Analyse statique et contrats"
"athleteos/src/athlete/views/AthletePlanning.jsx","code source","Logique frontend ou utilitaire","analysé statiquement","lint typecheck build réussis","","","","Parcours authentifie reel a valider","Analyse statique et contrats"
"athleteos/src/athlete/views/clubFeed.js","code source","Logique frontend ou utilitaire","analysé statiquement","lint typecheck build réussis","","","","Parcours authentifie reel a valider","Analyse statique et contrats"
"athleteos/src/athlete/views/clubFeed.test.js","test","Test automatise ou regression","testé","Vitest 356/356 ou integration bloquee selon Docker","","","Suite locale build ou controle statique","faible","Voir preuves de test"
"athleteos/src/athlete/views/CreateSessionModal.jsx","code source","Logique frontend ou utilitaire","corrigé","lint typecheck build réussis","Voir registre JSON","Oui si relie au registre","Suite locale build ou controle statique","Parcours authentifie reel a valider","Analyse statique et contrats"
"athleteos/src/athlete/views/MesRapports.jsx","code source","Logique frontend ou utilitaire","analysé statiquement","lint typecheck build réussis","","","","Parcours authentifie reel a valider","Analyse statique et contrats"
"athleteos/src/athlete/views/perfsShared.js","code source","Logique frontend ou utilitaire","analysé statiquement","lint typecheck build réussis","","","","Parcours authentifie reel a valider","Analyse statique et contrats"
"athleteos/src/athlete/views/perfsShared.test.js","test","Test automatise ou regression","testé","Vitest 356/356 ou integration bloquee selon Docker","","","Suite locale build ou controle statique","faible","Voir preuves de test"
"athleteos/src/athlete/views/PerfsWidgets.jsx","code source","Logique frontend ou utilitaire","analysé statiquement","lint typecheck build réussis","","","","Parcours authentifie reel a valider","Analyse statique et contrats"
"athleteos/src/athlete/views/planningShared.jsx","code source","Logique frontend ou utilitaire","analysé statiquement","lint typecheck build réussis","","","","Parcours authentifie reel a valider","Analyse statique et contrats"
"athleteos/src/athlete/views/SessionDetailModal.jsx","code source","Logique frontend ou utilitaire","corrigé","lint typecheck build réussis","Voir registre JSON","Oui si relie au registre","Suite locale build ou controle statique","Parcours authentifie reel a valider","Analyse statique et contrats"
"athleteos/src/athlete/views/SessionDetailModal.test.jsx","test","Test automatise ou regression","testé","Vitest 356/356 ou integration bloquee selon Docker","","","Suite locale build ou controle statique","faible","Voir preuves de test"
"athleteos/src/AthleteApp.jsx","code source","Logique frontend ou utilitaire","corrigé","lint typecheck build réussis","Voir registre JSON","Oui si relie au registre","Suite locale build ou controle statique","Parcours authentifie reel a valider","Analyse statique et contrats"
"athleteos/src/components/auth/AuthFormControls.jsx","code source","Logique frontend ou utilitaire","analysé statiquement","lint typecheck build réussis","","","","Parcours authentifie reel a valider","Analyse statique et contrats"
"athleteos/src/components/auth/authFormUtils.js","code source","Logique frontend ou utilitaire","analysé statiquement","lint typecheck build réussis","","","","Parcours authentifie reel a valider","Analyse statique et contrats"
"athleteos/src/components/auth/authFormUtils.test.js","test","Test automatise ou regression","testé","Vitest 356/356 ou integration bloquee selon Docker","","","Suite locale build ou controle statique","faible","Voir preuves de test"
"athleteos/src/components/auth/AuthShell.jsx","code source","Logique frontend ou utilitaire","analysé statiquement","lint typecheck build réussis","","","","Parcours authentifie reel a valider","Analyse statique et contrats"
"athleteos/src/components/brand/AthleteOSLogo.jsx","code source","Logique frontend ou utilitaire","analysé statiquement","lint typecheck build réussis","","","","Parcours authentifie reel a valider","Analyse statique et contrats"
"athleteos/src/components/brand/AthleteOSLogo.test.jsx","test","Test automatise ou regression","testé","Vitest 356/356 ou integration bloquee selon Docker","","","Suite locale build ou controle statique","faible","Voir preuves de test"
"athleteos/src/components/club/ClubDemoPreview.jsx","code source","Logique frontend ou utilitaire","analysé statiquement","lint typecheck build réussis","","","","Parcours authentifie reel a valider","Analyse statique et contrats"
"athleteos/src/components/club/club-experience.css","configuration","Configuration manifeste ou metadonnee","analysé statiquement","analyse et build si applicable","","","","faible a confirmer sur staging","Inventaire final 2026-08-01"
"athleteos/src/components/club/ClubExperience.test.jsx","test","Test automatise ou regression","testé","Vitest 356/356 ou integration bloquee selon Docker","","","Suite locale build ou controle statique","faible","Voir preuves de test"
"athleteos/src/components/club/ClubInvitationCenter.jsx","code source","Logique frontend ou utilitaire","analysé statiquement","lint typecheck build réussis","","","","Parcours authentifie reel a valider","Analyse statique et contrats"
"athleteos/src/components/club/ClubInvitationCenter.test.jsx","test","Test automatise ou regression","testé","Vitest 356/356 ou integration bloquee selon Docker","","","Suite locale build ou controle statique","faible","Voir preuves de test"
"athleteos/src/components/club/ClubOnboardingCard.jsx","code source","Logique frontend ou utilitaire","analysé statiquement","lint typecheck build réussis","","","","Parcours authentifie reel a valider","Analyse statique et contrats"
"athleteos/src/components/club/InviteClubModal.jsx","code source","Logique frontend ou utilitaire","analysé statiquement","lint typecheck build réussis","","","","Parcours authentifie reel a valider","Analyse statique et contrats"
"athleteos/src/components/navigation/MobileBottomNav.jsx","code source","Logique frontend ou utilitaire","analysé statiquement","lint typecheck build réussis","","","","Parcours authentifie reel a valider","Analyse statique et contrats"
"athleteos/src/components/navigation/MobileMoreSheet.jsx","code source","Logique frontend ou utilitaire","corrigé","lint typecheck build réussis","Voir registre JSON","Oui si relie au registre","Suite locale build ou controle statique","Parcours authentifie reel a valider","Analyse statique et contrats"
"athleteos/src/components/navigation/MobileNavigation.test.jsx","test","Test automatise ou regression","testé","Vitest 356/356 ou integration bloquee selon Docker","","","Suite locale build ou controle statique","faible","Voir preuves de test"
"athleteos/src/components/performance/PerformanceContextChips.jsx","code source","Logique frontend ou utilitaire","analysé statiquement","lint typecheck build réussis","","","","Parcours authentifie reel a valider","Analyse statique et contrats"
"athleteos/src/components/performance/PerformanceMetadataFields.jsx","code source","Logique frontend ou utilitaire","analysé statiquement","lint typecheck build réussis","","","","Parcours authentifie reel a valider","Analyse statique et contrats"
"athleteos/src/components/pwa/AppStatusBanner.jsx","code source","Logique frontend ou utilitaire","corrigé","lint typecheck build réussis","Voir registre JSON","Oui si relie au registre","Suite locale build ou controle statique","Parcours authentifie reel a valider","Analyse statique et contrats"
"athleteos/src/components/pwa/AppStatusBanner.test.jsx","test","Test automatise ou regression","testé","Vitest 356/356 ou integration bloquee selon Docker","","","Suite locale build ou controle statique","faible","Voir preuves de test"
"athleteos/src/components/pwa/PwaAccess.jsx","code source","Logique frontend ou utilitaire","analysé statiquement","lint typecheck build réussis","","","","Parcours authentifie reel a valider","Analyse statique et contrats"
"athleteos/src/components/pwa/PwaAccess.test.jsx","test","Test automatise ou regression","testé","Vitest 356/356 ou integration bloquee selon Docker","","","Suite locale build ou controle statique","faible","Voir preuves de test"
"athleteos/src/components/session/CoachSessionDayPanel.jsx","code source","Logique frontend ou utilitaire","analysé statiquement","lint typecheck build réussis","","","","Parcours authentifie reel a valider","Analyse statique et contrats"
"athleteos/src/components/session/CoachSessionDayPanel.test.jsx","test","Test automatise ou regression","testé","Vitest 356/356 ou integration bloquee selon Docker","","","Suite locale build ou controle statique","faible","Voir preuves de test"
"athleteos/src/components/session/TrainingFocusField.jsx","code source","Logique frontend ou utilitaire","analysé statiquement","lint typecheck build réussis","","","","Parcours authentifie reel a valider","Analyse statique et contrats"
"athleteos/src/components/ui/AccountSettingsModal.jsx","code source","Logique frontend ou utilitaire","analysé statiquement","lint typecheck build réussis","","","","Parcours authentifie reel a valider","Analyse statique et contrats"
"athleteos/src/components/ui/AccountSettingsModal.test.jsx","test","Test automatise ou regression","testé","Vitest 356/356 ou integration bloquee selon Docker","","","Suite locale build ou controle statique","faible","Voir preuves de test"
"athleteos/src/components/ui/AxisRadarCard.jsx","code source","Logique frontend ou utilitaire","analysé statiquement","lint typecheck build réussis","","","","Parcours authentifie reel a valider","Analyse statique et contrats"
"athleteos/src/components/ui/ErrorBoundary.jsx","code source","Logique frontend ou utilitaire","analysé statiquement","lint typecheck build réussis","","","","Parcours authentifie reel a valider","Analyse statique et contrats"
"athleteos/src/components/ui/ErrorState.jsx","code source","Logique frontend ou utilitaire","analysé statiquement","lint typecheck build réussis","","","","Parcours authentifie reel a valider","Analyse statique et contrats"
"athleteos/src/components/ui/LoadingState.jsx","code source","Logique frontend ou utilitaire","analysé statiquement","lint typecheck build réussis","","","","Parcours authentifie reel a valider","Analyse statique et contrats"
"athleteos/src/components/ui/Modal.jsx","code source","Logique frontend ou utilitaire","corrigé","lint typecheck build réussis","Voir registre JSON","Oui si relie au registre","Suite locale build ou controle statique","Parcours authentifie reel a valider","Analyse statique et contrats"
"athleteos/src/components/ui/Modal.test.jsx","test","Test automatise ou regression","testé","Vitest 356/356 ou integration bloquee selon Docker","Voir registre JSON","","Suite locale build ou controle statique","faible","Voir preuves de test"
"athleteos/src/components/ui/premium/index.js","code source","Logique frontend ou utilitaire","analysé statiquement","lint typecheck build réussis","","","","Parcours authentifie reel a valider","Analyse statique et contrats"
"athleteos/src/components/ui/premium/premium-primitives.css","configuration","Configuration manifeste ou metadonnee","analysé statiquement","analyse et build si applicable","","","","faible a confirmer sur staging","Inventaire final 2026-08-01"
"athleteos/src/components/ui/premium/PremiumPrimitives.jsx","code source","Logique frontend ou utilitaire","analysé statiquement","lint typecheck build réussis","","","","Parcours authentifie reel a valider","Analyse statique et contrats"
"athleteos/src/components/ui/premium/PremiumPrimitives.test.jsx","test","Test automatise ou regression","testé","Vitest 356/356 ou integration bloquee selon Docker","","","Suite locale build ou controle statique","faible","Voir preuves de test"
"athleteos/src/context/AuthContext.jsx","code source","Logique frontend ou utilitaire","corrigé","lint typecheck build réussis","Voir registre JSON","Oui si relie au registre","Suite locale build ou controle statique","Parcours authentifie reel a valider","Analyse statique et contrats"
"athleteos/src/context/PwaInstallContext.jsx","code source","Logique frontend ou utilitaire","analysé statiquement","lint typecheck build réussis","","","","Parcours authentifie reel a valider","Analyse statique et contrats"
"athleteos/src/context/pwaInstallState.js","code source","Logique frontend ou utilitaire","analysé statiquement","lint typecheck build réussis","","","","Parcours authentifie reel a valider","Analyse statique et contrats"
"athleteos/src/data/mockData.js","code source","Logique frontend ou utilitaire","analysé statiquement","lint typecheck build réussis","","","","Parcours authentifie reel a valider","Analyse statique et contrats"
"athleteos/src/domain/adminActionsHardening.test.js","test","Test automatise ou regression","testé","Vitest 356/356 ou integration bloquee selon Docker","Voir registre JSON","","Suite locale build ou controle statique","faible","Voir preuves de test"
"athleteos/src/domain/atomicInvitationSignupMigration.test.js","test","Test automatise ou regression","testé","Vitest 356/356 ou integration bloquee selon Docker","Voir registre JSON","","Suite locale build ou controle statique","faible","Voir preuves de test"
"athleteos/src/domain/coachLoadPresentation.js","code source","Logique frontend ou utilitaire","corrigé","lint typecheck build réussis","Voir registre JSON","Oui si relie au registre","Suite locale build ou controle statique","Parcours authentifie reel a valider","Analyse statique et contrats"
"athleteos/src/domain/coachLoadPresentation.test.js","test","Test automatise ou regression","testé","Vitest 356/356 ou integration bloquee selon Docker","Voir registre JSON","","Suite locale build ou controle statique","faible","Voir preuves de test"
"athleteos/src/domain/dailyState.js","code source","Logique frontend ou utilitaire","analysé statiquement","lint typecheck build réussis","","","","Parcours authentifie reel a valider","Analyse statique et contrats"
"athleteos/src/domain/dailyState.test.js","test","Test automatise ou regression","testé","Vitest 356/356 ou integration bloquee selon Docker","","","Suite locale build ou controle statique","faible","Voir preuves de test"
"athleteos/src/domain/disciplines.js","code source","Logique frontend ou utilitaire","analysé statiquement","lint typecheck build réussis","","","","Parcours authentifie reel a valider","Analyse statique et contrats"
"athleteos/src/domain/disciplines.test.js","test","Test automatise ou regression","testé","Vitest 356/356 ou integration bloquee selon Docker","","","Suite locale build ou controle statique","faible","Voir preuves de test"
"athleteos/src/domain/edgeCronHardening.test.js","test","Test automatise ou regression","testé","Vitest 356/356 ou integration bloquee selon Docker","Voir registre JSON","","Suite locale build ou controle statique","faible","Voir preuves de test"
"athleteos/src/domain/invitationLifecycleContract.test.js","test","Test automatise ou regression","testé","Vitest 356/356 ou integration bloquee selon Docker","Voir registre JSON","","Suite locale build ou controle statique","faible","Voir preuves de test"
"athleteos/src/domain/isoWeekContract.test.js","test","Test automatise ou regression","testé","Vitest 356/356 ou integration bloquee selon Docker","Voir registre JSON","","Suite locale build ou controle statique","faible","Voir preuves de test"
"athleteos/src/domain/monitoringMetrics.js","code source","Logique frontend ou utilitaire","analysé statiquement","lint typecheck build réussis","","","","Parcours authentifie reel a valider","Analyse statique et contrats"
"athleteos/src/domain/monitoringMetrics.test.js","test","Test automatise ou regression","testé","Vitest 356/356 ou integration bloquee selon Docker","","","Suite locale build ou controle statique","faible","Voir preuves de test"
"athleteos/src/domain/performanceScale.test.js","test","Test automatise ou regression","testé","Vitest 356/356 ou integration bloquee selon Docker","Voir registre JSON","","Suite locale build ou controle statique","faible","Voir preuves de test"
"athleteos/src/domain/sessionDay.js","code source","Logique frontend ou utilitaire","analysé statiquement","lint typecheck build réussis","","","","Parcours authentifie reel a valider","Analyse statique et contrats"
"athleteos/src/domain/sessionDay.test.js","test","Test automatise ou regression","testé","Vitest 356/356 ou integration bloquee selon Docker","","","Suite locale build ou controle statique","faible","Voir preuves de test"
"athleteos/src/domain/structuredPerformanceMigration.test.js","test","Test automatise ou regression","testé","Vitest 356/356 ou integration bloquee selon Docker","","","Suite locale build ou controle statique","faible","Voir preuves de test"
"athleteos/src/domain/trainingFocus.js","code source","Logique frontend ou utilitaire","analysé statiquement","lint typecheck build réussis","","","","Parcours authentifie reel a valider","Analyse statique et contrats"
"athleteos/src/domain/trainingFocus.test.js","test","Test automatise ou regression","testé","Vitest 356/356 ou integration bloquee selon Docker","","","Suite locale build ou controle statique","faible","Voir preuves de test"
"athleteos/src/domain/trainingGauges.js","code source","Logique frontend ou utilitaire","analysé statiquement","lint typecheck build réussis","","","","Parcours authentifie reel a valider","Analyse statique et contrats"
"athleteos/src/domain/trainingGauges.test.js","test","Test automatise ou regression","testé","Vitest 356/356 ou integration bloquee selon Docker","","","Suite locale build ou controle statique","faible","Voir preuves de test"
"athleteos/src/domain/transactionalUserRemovalMigration.test.js","test","Test automatise ou regression","testé","Vitest 356/356 ou integration bloquee selon Docker","Voir registre JSON","","Suite locale build ou controle statique","faible","Voir preuves de test"
"athleteos/src/hooks/PushToggleButton.test.jsx","test","Test automatise ou regression","testé","Vitest 356/356 ou integration bloquee selon Docker","","","Suite locale build ou controle statique","faible","Voir preuves de test"
"athleteos/src/hooks/useAccessibleDialog.js","code source","Logique frontend ou utilitaire","corrigé","lint typecheck build réussis","Voir registre JSON","Oui si relie au registre","Suite locale build ou controle statique","Parcours authentifie reel a valider","Analyse statique et contrats"
"athleteos/src/hooks/useAccessibleDialog.test.jsx","test","Test automatise ou regression","testé","Vitest 356/356 ou integration bloquee selon Docker","Voir registre JSON","","Suite locale build ou controle statique","faible","Voir preuves de test"
"athleteos/src/hooks/useClubBranding.js","code source","Logique frontend ou utilitaire","analysé statiquement","lint typecheck build réussis","","","","Parcours authentifie reel a valider","Analyse statique et contrats"
"athleteos/src/hooks/useClubBranding.test.js","test","Test automatise ou regression","testé","Vitest 356/356 ou integration bloquee selon Docker","","","Suite locale build ou controle statique","faible","Voir preuves de test"
"athleteos/src/hooks/useModalAccessibility.js","code source","Logique frontend ou utilitaire","corrigé","lint typecheck build réussis","Voir registre JSON","Oui si relie au registre","Suite locale build ou controle statique","Parcours authentifie reel a valider","Analyse statique et contrats"
"athleteos/src/hooks/usePushNotifications.jsx","code source","Logique frontend ou utilitaire","corrigé","lint typecheck build réussis","Voir registre JSON","Oui si relie au registre","Suite locale build ou controle statique","Parcours authentifie reel a valider","Analyse statique et contrats"
"athleteos/src/hooks/useTheme.jsx","code source","Logique frontend ou utilitaire","analysé statiquement","lint typecheck build réussis","","","","Parcours authentifie reel a valider","Analyse statique et contrats"
"athleteos/src/hooks/useTheme.test.jsx","test","Test automatise ou regression","testé","Vitest 356/356 ou integration bloquee selon Docker","","","Suite locale build ou controle statique","faible","Voir preuves de test"
"athleteos/src/hooks/useUrlView.js","code source","Logique frontend ou utilitaire","analysé statiquement","lint typecheck build réussis","","","","Parcours authentifie reel a valider","Analyse statique et contrats"
"athleteos/src/index.css","configuration","Configuration manifeste ou metadonnee","analysé statiquement","analyse et build si applicable","","","","faible a confirmer sur staging","Inventaire final 2026-08-01"
"athleteos/src/main.jsx","code source","Logique frontend ou utilitaire","analysé statiquement","lint typecheck build réussis","","","","Parcours authentifie reel a valider","Analyse statique et contrats"
"athleteos/src/modules/AddAthleteModal.jsx","code source","Logique frontend ou utilitaire","corrigé","lint typecheck build réussis","Voir registre JSON","Oui si relie au registre","Suite locale build ou controle statique","Parcours authentifie reel a valider","Analyse statique et contrats"
"athleteos/src/modules/AddInjuryModal.jsx","code source","Logique frontend ou utilitaire","corrigé","lint typecheck build réussis","Voir registre JSON","Oui si relie au registre","Suite locale build ou controle statique","Parcours authentifie reel a valider","Analyse statique et contrats"
"athleteos/src/modules/AddRecordModal.jsx","code source","Logique frontend ou utilitaire","corrigé","lint typecheck build réussis","Voir registre JSON","Oui si relie au registre","Suite locale build ou controle statique","Parcours authentifie reel a valider","Analyse statique et contrats"
"athleteos/src/modules/AddResultInline.jsx","code source","Logique frontend ou utilitaire","analysé statiquement","lint typecheck build réussis","","","","Parcours authentifie reel a valider","Analyse statique et contrats"
"athleteos/src/modules/AddSessionModal.jsx","code source","Logique frontend ou utilitaire","corrigé","lint typecheck build réussis","Voir registre JSON","Oui si relie au registre","Suite locale build ou controle statique","Parcours authentifie reel a valider","Analyse statique et contrats"
"athleteos/src/modules/Alerts.jsx","code source","Logique frontend ou utilitaire","analysé statiquement","lint typecheck build réussis","","","","Parcours authentifie reel a valider","Analyse statique et contrats"
"athleteos/src/modules/AthleteCard.jsx","code source","Logique frontend ou utilitaire","analysé statiquement","lint typecheck build réussis","","","","Parcours authentifie reel a valider","Analyse statique et contrats"
"athleteos/src/modules/AthleteList.jsx","code source","Logique frontend ou utilitaire","corrigé","lint typecheck build réussis","Voir registre JSON","Oui si relie au registre","Suite locale build ou controle statique","Parcours authentifie reel a valider","Analyse statique et contrats"
"athleteos/src/modules/AthleteList.test.jsx","test","Test automatise ou regression","testé","Vitest 356/356 ou integration bloquee selon Docker","","","Suite locale build ou controle statique","faible","Voir preuves de test"
"athleteos/src/modules/athleteListShared.jsx","code source","Logique frontend ou utilitaire","analysé statiquement","lint typecheck build réussis","","","","Parcours authentifie reel a valider","Analyse statique et contrats"
"athleteos/src/modules/AthleteProfile.jsx","code source","Logique frontend ou utilitaire","analysé statiquement","lint typecheck build réussis","","","","Parcours authentifie reel a valider","Analyse statique et contrats"
"athleteos/src/modules/AthleteProfileTabs.jsx","code source","Logique frontend ou utilitaire","analysé statiquement","lint typecheck build réussis","","","","Parcours authentifie reel a valider","Analyse statique et contrats"
"athleteos/src/modules/ChargeView.jsx","code source","Logique frontend ou utilitaire","corrigé","lint typecheck build réussis","Voir registre JSON","Oui si relie au registre","Suite locale build ou controle statique","Parcours authentifie reel a valider","Analyse statique et contrats"
"athleteos/src/modules/ChargeView.test.jsx","test","Test automatise ou regression","testé","Vitest 356/356 ou integration bloquee selon Docker","","","Suite locale build ou controle statique","faible","Voir preuves de test"
"athleteos/src/modules/CompCard.jsx","code source","Logique frontend ou utilitaire","analysé statiquement","lint typecheck build réussis","","","","Parcours authentifie reel a valider","Analyse statique et contrats"
"athleteos/src/modules/Competitions.jsx","code source","Logique frontend ou utilitaire","corrigé","lint typecheck build réussis","Voir registre JSON","Oui si relie au registre","Suite locale build ou controle statique","Parcours authentifie reel a valider","Analyse statique et contrats"
"athleteos/src/modules/competitionsShared.js","code source","Logique frontend ou utilitaire","analysé statiquement","lint typecheck build réussis","","","","Parcours authentifie reel a valider","Analyse statique et contrats"
"athleteos/src/modules/competitionsShared.test.js","test","Test automatise ou regression","testé","Vitest 356/356 ou integration bloquee selon Docker","","","Suite locale build ou controle statique","faible","Voir preuves de test"
"athleteos/src/modules/CompModal.jsx","code source","Logique frontend ou utilitaire","corrigé","lint typecheck build réussis","Voir registre JSON","Oui si relie au registre","Suite locale build ou controle statique","Parcours authentifie reel a valider","Analyse statique et contrats"
"athleteos/src/modules/CreateCompModal.jsx","code source","Logique frontend ou utilitaire","corrigé","lint typecheck build réussis","Voir registre JSON","Oui si relie au registre","Suite locale build ou controle statique","Parcours authentifie reel a valider","Analyse statique et contrats"
"athleteos/src/modules/Dashboard.jsx","code source","Logique frontend ou utilitaire","corrigé","lint typecheck build réussis","Voir registre JSON","Oui si relie au registre","Suite locale build ou controle statique","Parcours authentifie reel a valider","Analyse statique et contrats"
"athleteos/src/modules/ImportAthletesCsvModal.jsx","code source","Logique frontend ou utilitaire","analysé statiquement","lint typecheck build réussis","","","","Parcours authentifie reel a valider","Analyse statique et contrats"
"athleteos/src/modules/ImportAthletesCsvModal.test.jsx","test","Test automatise ou regression","testé","Vitest 356/356 ou integration bloquee selon Docker","","","Suite locale build ou controle statique","faible","Voir preuves de test"
"athleteos/src/modules/Messaging.jsx","code source","Logique frontend ou utilitaire","analysé statiquement","lint typecheck build réussis","","","","Parcours authentifie reel a valider","Analyse statique et contrats"
"athleteos/src/modules/Performances.jsx","code source","Logique frontend ou utilitaire","corrigé","lint typecheck build réussis","Voir registre JSON","Oui si relie au registre","Suite locale build ou controle statique","Parcours authentifie reel a valider","Analyse statique et contrats"
"athleteos/src/modules/Planning.jsx","code source","Logique frontend ou utilitaire","corrigé","lint typecheck build réussis","Voir registre JSON","Oui si relie au registre","Suite locale build ou controle statique","Parcours authentifie reel a valider","Analyse statique et contrats"
"athleteos/src/modules/planningShared.jsx","code source","Logique frontend ou utilitaire","analysé statiquement","lint typecheck build réussis","","","","Parcours authentifie reel a valider","Analyse statique et contrats"
"athleteos/src/modules/Rapports.jsx","code source","Logique frontend ou utilitaire","corrigé","lint typecheck build réussis","Voir registre JSON","Oui si relie au registre","Suite locale build ou controle statique","Parcours authentifie reel a valider","Analyse statique et contrats"
"athleteos/src/modules/SessionModal.jsx","code source","Logique frontend ou utilitaire","corrigé","lint typecheck build réussis","Voir registre JSON","Oui si relie au registre","Suite locale build ou controle statique","Parcours authentifie reel a valider","Analyse statique et contrats"
"athleteos/src/navigation/mobileNavigation.js","code source","Logique frontend ou utilitaire","analysé statiquement","lint typecheck build réussis","","","","Parcours authentifie reel a valider","Analyse statique et contrats"
"athleteos/src/navigation/mobileNavigation.test.js","test","Test automatise ou regression","testé","Vitest 356/356 ou integration bloquee selon Docker","","","Suite locale build ou controle statique","faible","Voir preuves de test"
"athleteos/src/pages/AuthPages.test.jsx","test","Test automatise ou regression","testé","Vitest 356/356 ou integration bloquee selon Docker","","","Suite locale build ou controle statique","faible","Voir preuves de test"
"athleteos/src/pages/LoginPage.jsx","code source","Logique frontend ou utilitaire","analysé statiquement","lint typecheck build réussis","","","","Parcours authentifie reel a valider","Analyse statique et contrats"
"athleteos/src/pages/ResetPasswordPage.jsx","code source","Logique frontend ou utilitaire","analysé statiquement","lint typecheck build réussis","","","","Parcours authentifie reel a valider","Analyse statique et contrats"
"athleteos/src/pages/SignupPage.jsx","code source","Logique frontend ou utilitaire","analysé statiquement","lint typecheck build réussis","","","","Parcours authentifie reel a valider","Analyse statique et contrats"
"athleteos/src/types/database.types.ts","code source","Logique frontend ou utilitaire","corrigé","lint typecheck build réussis","Voir registre JSON","Oui si relie au registre","Suite locale build ou controle statique","Parcours authentifie reel a valider","Analyse statique et contrats"
"athleteos/src/utils/athleteCsv.js","code source","Logique frontend ou utilitaire","analysé statiquement","lint typecheck build réussis","","","","Parcours authentifie reel a valider","Analyse statique et contrats"
"athleteos/src/utils/athleteCsv.test.js","test","Test automatise ou regression","testé","Vitest 356/356 ou integration bloquee selon Docker","","","Suite locale build ou controle statique","faible","Voir preuves de test"
"athleteos/src/utils/chargeCalculations.js","code source","Logique frontend ou utilitaire","analysé statiquement","lint typecheck build réussis","","","","Parcours authentifie reel a valider","Analyse statique et contrats"
"athleteos/src/utils/chargeCalculations.test.js","test","Test automatise ou regression","testé","Vitest 356/356 ou integration bloquee selon Docker","","","Suite locale build ou controle statique","faible","Voir preuves de test"
"athleteos/src/utils/clubBranding.js","code source","Logique frontend ou utilitaire","analysé statiquement","lint typecheck build réussis","","","","Parcours authentifie reel a valider","Analyse statique et contrats"
"athleteos/src/utils/clubBranding.test.js","test","Test automatise ou regression","testé","Vitest 356/356 ou integration bloquee selon Docker","","","Suite locale build ou controle statique","faible","Voir preuves de test"
"athleteos/src/utils/coachFeed.js","code source","Logique frontend ou utilitaire","corrigé","lint typecheck build réussis","Voir registre JSON","Oui si relie au registre","Suite locale build ou controle statique","Parcours authentifie reel a valider","Analyse statique et contrats"
"athleteos/src/utils/coachFeed.test.js","test","Test automatise ou regression","testé","Vitest 356/356 ou integration bloquee selon Docker","","","Suite locale build ou controle statique","faible","Voir preuves de test"
"athleteos/src/utils/helpers.js","code source","Logique frontend ou utilitaire","corrigé","lint typecheck build réussis","Voir registre JSON","Oui si relie au registre","Suite locale build ou controle statique","Parcours authentifie reel a valider","Analyse statique et contrats"
"athleteos/src/utils/helpers.test.js","test","Test automatise ou regression","testé","Vitest 356/356 ou integration bloquee selon Docker","Voir registre JSON","","Suite locale build ou controle statique","faible","Voir preuves de test"
"athleteos/src/utils/loadAxes.js","code source","Logique frontend ou utilitaire","analysé statiquement","lint typecheck build réussis","","","","Parcours authentifie reel a valider","Analyse statique et contrats"
"athleteos/src/utils/loadAxes.test.js","test","Test automatise ou regression","testé","Vitest 356/356 ou integration bloquee selon Docker","","","Suite locale build ou controle statique","faible","Voir preuves de test"
"athleteos/src/utils/notifications.js","code source","Logique frontend ou utilitaire","corrigé","lint typecheck build réussis","Voir registre JSON","Oui si relie au registre","Suite locale build ou controle statique","Parcours authentifie reel a valider","Analyse statique et contrats"
"athleteos/src/utils/notifications.test.js","test","Test automatise ou regression","testé","Vitest 356/356 ou integration bloquee selon Docker","","","Suite locale build ou controle statique","faible","Voir preuves de test"
"athleteos/src/utils/pushSubscriptions.js","code source","Logique frontend ou utilitaire","corrigé","lint typecheck build réussis","Voir registre JSON","Oui si relie au registre","Suite locale build ou controle statique","Parcours authentifie reel a valider","Analyse statique et contrats"
"athleteos/src/utils/pushSubscriptions.test.js","test","Test automatise ou regression","testé","Vitest 356/356 ou integration bloquee selon Docker","Voir registre JSON","","Suite locale build ou controle statique","faible","Voir preuves de test"
"athleteos/src/utils/sentry.js","code source","Logique frontend ou utilitaire","analysé statiquement","lint typecheck build réussis","","","","Parcours authentifie reel a valider","Analyse statique et contrats"
"athleteos/src/utils/storage.js","code source","Logique frontend ou utilitaire","analysé statiquement","lint typecheck build réussis","","","","Parcours authentifie reel a valider","Analyse statique et contrats"
"athleteos/src/utils/supabaseClient.js","code source","Logique frontend ou utilitaire","analysé statiquement","lint typecheck build réussis","","","","Parcours authentifie reel a valider","Analyse statique et contrats"
"athleteos/src/utils/trainingLoad.js","code source","Logique frontend ou utilitaire","corrigé","lint typecheck build réussis","Voir registre JSON","Oui si relie au registre","Suite locale build ou controle statique","Parcours authentifie reel a valider","Analyse statique et contrats"
"athleteos/src/utils/trainingLoad.test.js","test","Test automatise ou regression","testé","Vitest 356/356 ou integration bloquee selon Docker","Voir registre JSON","","Suite locale build ou controle statique","faible","Voir preuves de test"
"athleteos/src/utils/weeklyReports.js","code source","Logique frontend ou utilitaire","corrigé","lint typecheck build réussis","Voir registre JSON","Oui si relie au registre","Suite locale build ou controle statique","Parcours authentifie reel a valider","Analyse statique et contrats"
"athleteos/src/utils/weeklyReports.test.js","test","Test automatise ou regression","testé","Vitest 356/356 ou integration bloquee selon Docker","Voir registre JSON","","Suite locale build ou controle statique","faible","Voir preuves de test"
"athleteos/status.md","documentation","Documentation ou livrable audit","corrigé","relecture statique","Voir registre JSON","Oui si relie au registre","Suite locale build ou controle statique","A synchroniser apres staging","Etat local sans sur-declaration"
"athleteos/supabase/.gitignore","configuration","Configuration manifeste ou metadonnee","analysé statiquement","analyse et build si applicable","","","","faible a confirmer sur staging","Inventaire final 2026-08-01"
"athleteos/supabase/config.toml","configuration","Configuration manifeste ou metadonnee","analysé statiquement","analyse et build si applicable","","","","faible a confirmer sur staging","Inventaire final 2026-08-01"
"athleteos/supabase/functions/_shared/isoWeek.ts","Edge Function","Traitement serveur Supabase","corrigé","analyse statique; runtime bloque","Voir registre JSON","Oui si relie au registre","Suite locale build ou controle statique","Staging et tests HTTP requis","Production non touchee"
"athleteos/supabase/functions/admin-actions/index.ts","Edge Function","Traitement serveur Supabase","corrigé","analyse statique; runtime bloque","Voir registre JSON","Oui si relie au registre","Suite locale build ou controle statique","Staging et tests HTTP requis","Production non touchee"
"athleteos/supabase/functions/send-push/index.ts","Edge Function","Traitement serveur Supabase","corrigé","analyse statique; runtime bloque","Voir registre JSON","Oui si relie au registre","Suite locale build ou controle statique","Staging et tests HTTP requis","Production non touchee"
"athleteos/supabase/functions/session-reminders/index.ts","Edge Function","Traitement serveur Supabase","corrigé","analyse statique; runtime bloque","Voir registre JSON","Oui si relie au registre","Suite locale build ou controle statique","Staging et tests HTTP requis","Production non touchee"
"athleteos/supabase/functions/signup/index.ts","Edge Function","Traitement serveur Supabase","corrigé","analyse statique; runtime bloque","Voir registre JSON","Oui si relie au registre","Suite locale build ou controle statique","Staging et tests HTTP requis","Production non touchee"
"athleteos/supabase/functions/weekly-cron/index.ts","Edge Function","Traitement serveur Supabase","corrigé","analyse statique; runtime bloque","Voir registre JSON","Oui si relie au registre","Suite locale build ou controle statique","Staging et tests HTTP requis","Production non touchee"
"athleteos/supabase/migrations/20260720000000_baseline_schema_pre_migration_tracking.sql","migration SQL","Schema, integrite, RLS, RPC ou index","analysé statiquement","non exécuté: Docker indisponible","","","","Validation PostgreSQL RLS et rollback requise","Aucun succes SQL runtime revendique"
"athleteos/supabase/migrations/20260720000001_baseline_indexes_and_event_trigger.sql","migration SQL","Schema, integrite, RLS, RPC ou index","analysé statiquement","non exécuté: Docker indisponible","","","","Validation PostgreSQL RLS et rollback requise","Aucun succes SQL runtime revendique"
"athleteos/supabase/migrations/20260725111554_fix_rls_exposed_tables.sql","migration SQL","Schema, integrite, RLS, RPC ou index","analysé statiquement","non exécuté: Docker indisponible","","","","Validation PostgreSQL RLS et rollback requise","Aucun succes SQL runtime revendique"
"athleteos/supabase/migrations/20260725112151_fix_users_rls_recursion.sql","migration SQL","Schema, integrite, RLS, RPC ou index","analysé statiquement","non exécuté: Docker indisponible","","","","Validation PostgreSQL RLS et rollback requise","Aucun succes SQL runtime revendique"
"athleteos/supabase/migrations/20260725113137_fix_storage_public_access.sql","migration SQL","Schema, integrite, RLS, RPC ou index","analysé statiquement","non exécuté: Docker indisponible","","","","Validation PostgreSQL RLS et rollback requise","Aucun succes SQL runtime revendique"
"athleteos/supabase/migrations/20260725113138_fix_function_rpc_exposure.sql","migration SQL","Schema, integrite, RLS, RPC ou index","analysé statiquement","non exécuté: Docker indisponible","","","","Validation PostgreSQL RLS et rollback requise","Aucun succes SQL runtime revendique"
"athleteos/supabase/migrations/20260725174000_add_social_posts_auto_type.sql","migration SQL","Schema, integrite, RLS, RPC ou index","analysé statiquement","non exécuté: Docker indisponible","","","","Validation PostgreSQL RLS et rollback requise","Aucun succes SQL runtime revendique"
"athleteos/supabase/migrations/20260725182809_add_clubs_invite_code.sql","migration SQL","Schema, integrite, RLS, RPC ou index","analysé statiquement","non exécuté: Docker indisponible","","","","Validation PostgreSQL RLS et rollback requise","Aucun succes SQL runtime revendique"
"athleteos/supabase/migrations/20260725184500_fix_service_role_grants.sql","migration SQL","Schema, integrite, RLS, RPC ou index","analysé statiquement","non exécuté: Docker indisponible","","","","Validation PostgreSQL RLS et rollback requise","Aucun succes SQL runtime revendique"
"athleteos/supabase/migrations/20260725184900_fix_service_role_sequence_grants.sql","migration SQL","Schema, integrite, RLS, RPC ou index","analysé statiquement","non exécuté: Docker indisponible","","","","Validation PostgreSQL RLS et rollback requise","Aucun succes SQL runtime revendique"
"athleteos/supabase/migrations/20260725190500_fix_users_update_own_row_only.sql","migration SQL","Schema, integrite, RLS, RPC ou index","analysé statiquement","non exécuté: Docker indisponible","","","","Validation PostgreSQL RLS et rollback requise","Aucun succes SQL runtime revendique"
"athleteos/supabase/migrations/20260726120000_replace_weekly_charge_table_with_computed_view.sql","migration SQL","Schema, integrite, RLS, RPC ou index","analysé statiquement","non exécuté: Docker indisponible","","","","Validation PostgreSQL RLS et rollback requise","Aucun succes SQL runtime revendique"
"athleteos/supabase/migrations/20260726123000_fix_weekly_charge_rounding.sql","migration SQL","Schema, integrite, RLS, RPC ou index","analysé statiquement","non exécuté: Docker indisponible","","","","Validation PostgreSQL RLS et rollback requise","Aucun succes SQL runtime revendique"
"athleteos/supabase/migrations/20260727000000_add_performance_breakdown.sql","migration SQL","Schema, integrite, RLS, RPC ou index","analysé statiquement","non exécuté: Docker indisponible","","","","Validation PostgreSQL RLS et rollback requise","Aucun succes SQL runtime revendique"
"athleteos/supabase/migrations/20260727010000_scope_storage_policies_by_club.sql","migration SQL","Schema, integrite, RLS, RPC ou index","analysé statiquement","non exécuté: Docker indisponible","","","","Validation PostgreSQL RLS et rollback requise","Aucun succes SQL runtime revendique"
"athleteos/supabase/migrations/20260727020000_weekly_cron_schedule.sql","migration SQL","Schema, integrite, RLS, RPC ou index","analysé statiquement","non exécuté: Docker indisponible","","","","Validation PostgreSQL RLS et rollback requise","Aucun succes SQL runtime revendique"
"athleteos/supabase/migrations/20260727030000_signup_rate_limit_and_atomic_rpc.sql","migration SQL","Schema, integrite, RLS, RPC ou index","analysé statiquement","non exécuté: Docker indisponible","","","","Validation PostgreSQL RLS et rollback requise","Aucun succes SQL runtime revendique"
"athleteos/supabase/migrations/20260727040000_charge_model_versioning.sql","migration SQL","Schema, integrite, RLS, RPC ou index","analysé statiquement","non exécuté: Docker indisponible","","","","Validation PostgreSQL RLS et rollback requise","Aucun succes SQL runtime revendique"
"athleteos/supabase/migrations/20260728010000_axis_model_versioning.sql","migration SQL","Schema, integrite, RLS, RPC ou index","analysé statiquement","non exécuté: Docker indisponible","","","","Validation PostgreSQL RLS et rollback requise","Aucun succes SQL runtime revendique"
"athleteos/supabase/migrations/20260728130618_rls_ownership_and_grants_hardening.sql","migration SQL","Schema, integrite, RLS, RPC ou index","analysé statiquement","non exécuté: Docker indisponible","","","","Validation PostgreSQL RLS et rollback requise","Aucun succes SQL runtime revendique"
"athleteos/supabase/migrations/20260729010000_admin_actions_audit_log.sql","migration SQL","Schema, integrite, RLS, RPC ou index","analysé statiquement","non exécuté: Docker indisponible","","","","Validation PostgreSQL RLS et rollback requise","Aucun succes SQL runtime revendique"
"athleteos/supabase/migrations/20260730010000_transactional_competition_results.sql","migration SQL","Schema, integrite, RLS, RPC ou index","analysé statiquement","non exécuté: Docker indisponible","","","","Validation PostgreSQL RLS et rollback requise","Aucun succes SQL runtime revendique"
"athleteos/supabase/migrations/20260730020000_fix_missing_security_definer.sql","migration SQL","Schema, integrite, RLS, RPC ou index","analysé statiquement","non exécuté: Docker indisponible","","","","Validation PostgreSQL RLS et rollback requise","Aucun succes SQL runtime revendique"
"athleteos/supabase/migrations/20260731010000_private_session_pdfs.sql","migration SQL","Schema, integrite, RLS, RPC ou index","analysé statiquement","non exécuté: Docker indisponible","","","","Validation PostgreSQL RLS et rollback requise","Aucun succes SQL runtime revendique"
"athleteos/supabase/migrations/20260801010000_normalize_performance_storage.sql","migration SQL","Schema, integrite, RLS, RPC ou index","analysé statiquement","non exécuté: Docker indisponible","","","","Validation PostgreSQL RLS et rollback requise","Aucun succes SQL runtime revendique"
"athleteos/supabase/migrations/20260801020000_rpc_write_normalized_performance_fields.sql","migration SQL","Schema, integrite, RLS, RPC ou index","analysé statiquement","non exécuté: Docker indisponible","","","","Validation PostgreSQL RLS et rollback requise","Aucun succes SQL runtime revendique"
"athleteos/supabase/migrations/20260801030000_club_branding.sql","migration SQL","Schema, integrite, RLS, RPC ou index","analysé statiquement","non exécuté: Docker indisponible","","","","Validation PostgreSQL RLS et rollback requise","Aucun succes SQL runtime revendique"
"athleteos/supabase/migrations/20260801040000_import_club_athletes_rpc.sql","migration SQL","Schema, integrite, RLS, RPC ou index","analysé statiquement","non exécuté: Docker indisponible","","","","Validation PostgreSQL RLS et rollback requise","Aucun succes SQL runtime revendique"
"athleteos/supabase/migrations/20260801050000_claim_imported_athlete_on_signup.sql","migration SQL","Schema, integrite, RLS, RPC ou index","analysé statiquement","non exécuté: Docker indisponible","","","","Validation PostgreSQL RLS et rollback requise","Aucun succes SQL runtime revendique"
"athleteos/supabase/migrations/20260801060000_standard_session_rpe_daily_load.sql","migration SQL","Schema, integrite, RLS, RPC ou index","analysé statiquement","non exécuté: Docker indisponible","","","","Validation PostgreSQL RLS et rollback requise","Aucun succes SQL runtime revendique"
"athleteos/supabase/migrations/20260801070000_confirmed_rest_days.sql","migration SQL","Schema, integrite, RLS, RPC ou index","analysé statiquement","non exécuté: Docker indisponible","","","","Validation PostgreSQL RLS et rollback requise","Aucun succes SQL runtime revendique"
"athleteos/supabase/migrations/20260801080000_structured_performance_context.sql","migration SQL","Schema, integrite, RLS, RPC ou index","analysé statiquement","non exécuté: Docker indisponible","","","","Validation PostgreSQL RLS et rollback requise","Aucun succes SQL runtime revendique"
"athleteos/supabase/migrations/20260801090000_reliable_invites_and_branding_storage.sql","migration SQL","Schema, integrite, RLS, RPC ou index","analysé statiquement","non exécuté: Docker indisponible","","","","Validation PostgreSQL RLS et rollback requise","Aucun succes SQL runtime revendique"
"athleteos/supabase/migrations/20260801100000_individual_club_invitations.sql","migration SQL","Schema, integrite, RLS, RPC ou index","analysé statiquement","non exécuté: Docker indisponible","","","","Validation PostgreSQL RLS et rollback requise","Aucun succes SQL runtime revendique"
"athleteos/supabase/migrations/20260801110000_session_day_and_notifications.sql","migration SQL","Schema, integrite, RLS, RPC ou index","analysé statiquement","non exécuté: Docker indisponible","","","","Validation PostgreSQL RLS et rollback requise","Aucun succes SQL runtime revendique"
"athleteos/supabase/migrations/20260801120000_session_rsvp_notes_and_notification_reliability.sql","migration SQL","Schema, integrite, RLS, RPC ou index","analysé statiquement","non exécuté: Docker indisponible","","","","Validation PostgreSQL RLS et rollback requise","Aucun succes SQL runtime revendique"
"athleteos/supabase/migrations/20260801130000_athletics_training_focus.sql","migration SQL","Schema, integrite, RLS, RPC ou index","analysé statiquement","non exécuté: Docker indisponible","","","","Validation PostgreSQL RLS et rollback requise","Aucun succes SQL runtime revendique"
"athleteos/supabase/migrations/20260801140000_activate_declared_focus_axis_model.sql","migration SQL","Schema, integrite, RLS, RPC ou index","analysé statiquement","non exécuté: Docker indisponible","","","","Validation PostgreSQL RLS et rollback requise","Aucun succes SQL runtime revendique"
"athleteos/supabase/migrations/20260801150000_remove_ambiguous_performance_rpcs_and_enforce_private_pdfs.sql","migration SQL","Schema, integrite, RLS, RPC ou index","analysé statiquement","non exécuté: Docker indisponible","","","","Validation PostgreSQL RLS et rollback requise","Aucun succes SQL runtime revendique"
"athleteos/supabase/migrations/20260801160000_transactional_user_removal.sql","migration SQL","Schema, integrite, RLS, RPC ou index","corrigé","non exécuté: Docker indisponible","Voir registre JSON","Oui si relie au registre","Suite locale build ou controle statique","Validation PostgreSQL RLS et rollback requise","Aucun succes SQL runtime revendique"
"athleteos/supabase/migrations/20260801170000_atomic_individual_invitation_acceptance.sql","migration SQL","Schema, integrite, RLS, RPC ou index","corrigé","non exécuté: Docker indisponible","Voir registre JSON","Oui si relie au registre","Suite locale build ou controle statique","Validation PostgreSQL RLS et rollback requise","Aucun succes SQL runtime revendique"
"athleteos/supabase/migrations/20260801180000_iso_week_and_notification_idempotency.sql","migration SQL","Schema, integrite, RLS, RPC ou index","corrigé","non exécuté: Docker indisponible","Voir registre JSON","Oui si relie au registre","Suite locale build ou controle statique","Validation PostgreSQL RLS et rollback requise","Aucun succes SQL runtime revendique"
"athleteos/supabase/migrations/20260801190000_atomic_existing_member_invitation_acceptance.sql","migration SQL","Schema, integrite, RLS, RPC ou index","corrigé","non exécuté: Docker indisponible","Voir registre JSON","Oui si relie au registre","Suite locale build ou controle statique","Validation PostgreSQL RLS et rollback requise","Aucun succes SQL runtime revendique"
"athleteos/supabase/migrations/20260801200000_push_delivery_rate_limit.sql","migration SQL","Schema, integrite, RLS, RPC ou index","corrigé","non exécuté: Docker indisponible","Voir registre JSON","Oui si relie au registre","Suite locale build ou controle statique","Validation PostgreSQL RLS et rollback requise","Aucun succes SQL runtime revendique"
"athleteos/supabase/seed.sql","configuration","Configuration manifeste ou metadonnee","analysé statiquement","analyse et build si applicable","","","","faible a confirmer sur staging","Inventaire final 2026-08-01"
"athleteos/tailwind.config.js","code source","Logique frontend ou utilitaire","analysé statiquement","lint typecheck build réussis","","","","faible","Analyse statique et contrats"
"athleteos/test_admin_actions.mjs","test","Test automatise ou regression","testé","Vitest 356/356 ou integration bloquee selon Docker","","","Suite locale build ou controle statique","Execution Supabase bloquee par Docker","Voir preuves de test"
"athleteos/test_axis_model_parity.mjs","test","Test automatise ou regression","testé","Vitest 356/356 ou integration bloquee selon Docker","","","Suite locale build ou controle statique","Execution Supabase bloquee par Docker","Voir preuves de test"
"athleteos/test_charge_model_parity.mjs","test","Test automatise ou regression","testé","Vitest 356/356 ou integration bloquee selon Docker","","","Suite locale build ou controle statique","Execution Supabase bloquee par Docker","Voir preuves de test"
"athleteos/test_competition_transactions.mjs","test","Test automatise ou regression","testé","Vitest 356/356 ou integration bloquee selon Docker","","","Suite locale build ou controle statique","Execution Supabase bloquee par Docker","Voir preuves de test"
"athleteos/test_import_club_athletes.mjs","test","Test automatise ou regression","testé","Vitest 356/356 ou integration bloquee selon Docker","","","Suite locale build ou controle statique","Execution Supabase bloquee par Docker","Voir preuves de test"
"athleteos/test_performance_normalization.mjs","test","Test automatise ou regression","testé","Vitest 356/356 ou integration bloquee selon Docker","","","Suite locale build ou controle statique","Execution Supabase bloquee par Docker","Voir preuves de test"
"athleteos/test_private_storage.mjs","test","Test automatise ou regression","testé","Vitest 356/356 ou integration bloquee selon Docker","","","Suite locale build ou controle statique","Execution Supabase bloquee par Docker","Voir preuves de test"
"athleteos/test_rls_regression.mjs","test","Test automatise ou regression","testé","Vitest 356/356 ou integration bloquee selon Docker","","","Suite locale build ou controle statique","Execution Supabase bloquee par Docker","Voir preuves de test"
"athleteos/test_send_push_regression.mjs","test","Test automatise ou regression","testé","Vitest 356/356 ou integration bloquee selon Docker","","","Suite locale build ou controle statique","Execution Supabase bloquee par Docker","Voir preuves de test"
"athleteos/test_signup_regression.mjs","test","Test automatise ou regression","testé","Vitest 356/356 ou integration bloquee selon Docker","","","Suite locale build ou controle statique","Execution Supabase bloquee par Docker","Voir preuves de test"
"athleteos/tsconfig.json","configuration","Configuration manifeste ou metadonnee","analysé statiquement","analyse et build si applicable","","","","faible a confirmer sur staging","Inventaire final 2026-08-01"
"athleteos/vercel.json","configuration","Configuration manifeste ou metadonnee","corrigé","analyse et build si applicable","Voir registre JSON","Oui si relie au registre","Suite locale build ou controle statique","faible a confirmer sur staging","Inventaire final 2026-08-01"
"athleteos/vite.config.js","code source","Logique frontend ou utilitaire","corrigé","lint typecheck build réussis","Voir registre JSON","Oui si relie au registre","Suite locale build ou controle statique","faible","Analyse statique et contrats"
"athleteos/vitest.config.js","code source","Logique frontend ou utilitaire","corrigé","lint typecheck build réussis","Voir registre JSON","Oui si relie au registre","Suite locale build ou controle statique","faible","Analyse statique et contrats"
"AUDIT_ATHLETEOS_BASELINE.md","documentation","Documentation ou livrable audit","corrigé","relecture statique","Voir registre JSON","Oui si relie au registre","Suite locale build ou controle statique","A synchroniser apres staging","Etat local sans sur-declaration"
"AUDIT_ATHLETEOS_COMPLET.md","documentation","Documentation ou livrable audit","corrigé","relecture statique","Voir registre JSON","Oui si relie au registre","Suite locale build ou controle statique","A synchroniser apres staging","Etat local sans sur-declaration"
"AUDIT_ATHLETEOS_DEPLOYMENT_CHECKLIST.md","documentation","Documentation ou livrable audit","corrigé","relecture statique","Voir registre JSON","Oui si relie au registre","Suite locale build ou controle statique","A synchroniser apres staging","Etat local sans sur-declaration"
"AUDIT_ATHLETEOS_FILE_COVERAGE.csv","configuration","Configuration manifeste ou metadonnee","corrigé","analyse et build si applicable","Voir registre JSON","Oui si relie au registre","Suite locale build ou controle statique","faible a confirmer sur staging","Inventaire final 2026-08-01"
"AUDIT_ATHLETEOS_ISSUES.json","configuration","Configuration manifeste ou metadonnee","corrigé","analyse et build si applicable","Voir registre JSON","Oui si relie au registre","Suite locale build ou controle statique","faible a confirmer sur staging","Inventaire final 2026-08-01"
"AUDIT_ATHLETEOS_TEST_EVIDENCE.md","documentation","Documentation ou livrable audit","corrigé","relecture statique","Voir registre JSON","Oui si relie au registre","Suite locale build ou controle statique","A synchroniser apres staging","Etat local sans sur-declaration"
"README.md","documentation","Documentation ou livrable audit","corrigé","relecture statique","Voir registre JSON","Oui si relie au registre","Suite locale build ou controle statique","A synchroniser apres staging","Etat local sans sur-declaration"
"athleteos/docs/audit/screenshots/README.md","documentation","Portée et limites des preuves visuelles","corrigé","relecture statique","Aucun","Oui","e2e/audit-visual.spec.js","Pages authentifiées non capturées","Documente les captures après correction uniquement"
"repomix-output.xml","hors perimetre","Export Repomix utilisateur","hors périmètre justifié","non exécuté","Voir registre JSON","","","Modification utilisateur préexistante","Exclu des changements audit"
